0,tcp,http,SF,181,5450,0,0,0,0,0,1,0,0,0,0,0,0,0,0,0,0,8,8,0,0,0,0,1,0,0,9,9,1,0,0.11,0,0,0,0,0,normal.
0,tcp,http,SF,239,486,0,0,0,0,0,1,0,0,0,0,0,0,0,0,0,0,8,8,0,0,0,0,1,0,0,19,19,1,0,0.05,0,0,0,0,0,normal.
0,tcp,http,SF,235,1337,0,0,0,0,0,1,0,0,0,0,0,0,0,0,0,0,8,8,0,0,0,0,1,0,0,29,29,1,0,0.03,0,0,0,0,0,normal.
0,tcp,http,SF,219,1337,0,0,0,0,0,1,0,0,0,0,0,0,0,0,0,0,6,6,0,0,0,0,1,0,0,39,39,1,0,0.03,0,0,0,0,0,normal.
0,tcp,http,SF,217,2032,0,0,0,0,0,1,0,0,0,0,0,0,0,0,0,0,6,6,0,0,0,0,1,0,0,49,49,1,0,0.02,0,0,0,0,0,normal.
0,tcp,http,SF,217,2032,0,0,0,0,0,1,0,0,0,0,0,0,0,0,0,0,6,6,0,0,0,0,1,0,0,59,59,1,0,0.02,0,0,0,0,0,normal.
0,tcp,http,SF,212,1940,0,0,0,0,0,1,0,0,0,0,0,0,0,0,0,0,1,2,0,0,0,0,1,0,1,1,69,1,0,1,0.04,0,0,0,0,normal.
0,tcp,http,SF,159,4087,0,0,0,0,0,1,0,0,0,0,0,0,0,0,0,0,5,5,0,0,0,0,1,0,0,11,79,1,0,0.09,0.04,0,0,0,0,normal.
0,tcp,http,SF,210,151,0,0,0,0,0,1,0,0,0,0,0,0,0,0,0,0,8,8,0,0,0,0,1,0,0,8,89,1,0,0.12,0.04,0,0,0,0,normal.
0,tcp,http,SF,212,786,0,0,0,1,0,1,0,0,0,0,0,0,0,0,0,0,8,8,0,0,0,0,1,0,0,8,99,1,0,0.12,0.05,0,0,0,0,normal.
0,tcp,http,SF,210,624,0,0,0,0,0,1,0,0,0,0,0,0,0,0,0,0,18,18,0,0,0,0,1,0,0,18,109,1,0,0.06,0.05,0,0,0,0,normal.
0,tcp,http,SF,177,1985,0,0,0,0,0,1,0,0,0,0,0,0,0,0,0,0,1,1,0,0,0,0,1,0,0,28,119,1,0,0.04,0.04,0,0,0,0,normal.
0,tcp,http,SF,222,773,0,0,0,0,0,1,0,0,0,0,0,0,0,0,0,0,11,11,0,0,0,0,1,0,0,38,129,1,0,0.03,0.04,0,0,0,0,normal.
0,tcp,http,SF,256,1169,0,0,0,0,0,1,0,0,0,0,0,0,0,0,0,0,4,4,0,0,0,0,1,0,0,4,139,1,0,0.25,0.04,0,0,0,0,normal.
0,tcp,http,SF,241,259,0,0,0,0,0,1,0,0,0,0,0,0,0,0,0,0,1,1,0,0,0,0,1,0,0,14,149,1,0,0.07,0.04,0,0,0,0,normal.
0,tcp,http,SF,260,1837,0,0,0,0,0,1,0,0,0,0,0,0,0,0,0,0,11,11,0,0,0,0,1,0,0,24,159,1,0,0.04,0.04,0,0,0,0,normal.
0,tcp,http,SF,241,261,0,0,0,0,0,1,0,0,0,0,0,0,0,0,0,0,2,2,0,0,0,0,1,0,0,34,169,1,0,0.03,0.04,0,0,0,0,normal.
0,tcp,http,SF,257,818,0,0,0,0,0,1,0,0,0,0,0,0,0,0,0,0,12,12,0,0,0,0,1,0,0,44,179,1,0,0.02,0.03,0,0,0,0,normal.
0,tcp,http,SF,233,255,0,0,0,0,0,1,0,0,0,0,0,0,0,0,0,0,2,8,0,0,0,0,1,0,0.25,54,189,1,0,0.02,0.03,0,0,0,0,normal.
0,tcp,http,SF,233,504,0,0,0,0,0,1,0,0,0,0,0,0,0,0,0,0,7,7,0,0,0,0,1,0,0,64,199,1,0,0.02,0.03,0,0,0,0,normal.
0,tcp,http,SF,256,1273,0,0,0,0,0,1,0,0,0,0,0,0,0,0,0,0,17,17,0,0,0,0,1,0,0,74,209,1,0,0.01,0.03,0,0,0,0,normal.
0,tcp,http,SF,234,255,0,0,0,0,0,1,0,0,0,0,0,0,0,0,0,0,5,5,0,0,0,0,1,0,0,84,219,1,0,0.01,0.03,0,0,0,0,normal.
0,tcp,http,SF,241,259,0,0,0,0,0,1,0,0,0,0,0,0,0,0,0,0,12,12,0,0,0,0,1,0,0,94,229,1,0,0.01,0.03,0,0,0,0,normal.
0,tcp,http,SF,239,968,0,0,0,0,0,1,0,0,0,0,0,0,0,0,0,0,3,3,0,0,0,0,1,0,0,3,239,1,0,0.33,0.03,0,0,0,0,normal.
0,tcp,http,SF,245,1919,0,0,0,0,0,1,0,0,0,0,0,0,0,0,0,0,13,13,0,0,0,0,1,0,0,13,249,1,0,0.08,0.03,0,0,0,0,normal.
0,tcp,http,SF,248,2129,0,0,0,0,0,1,0,0,0,0,0,0,0,0,0,0,23,23,0,0,0,0,1,0,0,23,255,1,0,0.04,0.03,0,0,0,0,normal.
0,tcp,http,SF,354,1752,0,0,0,0,0,1,0,0,0,0,0,0,0,0,0,0,2,2,0,0,0,0,1,0,0,5,255,1,0,0.2,0.04,0,0,0,0,normal.
0,tcp,http,SF,193,3991,0,0,0,0,0,1,0,0,0,0,0,0,0,0,0,0,1,1,0,0,0,0,1,0,0,1,255,1,0,1,0.05,0,0,0,0,normal.
0,tcp,http,SF,214,14959,0,0,0,0,0,1,0,0,0,0,0,0,0,0,0,0,6,6,0,0,0,0,1,0,0,11,255,1,0,0.09,0.05,0,0,0,0,normal.
0,tcp,http,SF,212,1309,0,0,0,0,0,1,0,0,0,0,0,0,0,0,0,0,2,10,0,0,0,0,1,0,0.2,21,255,1,0,0.05,0.05,0,0,0,0,normal.
0,tcp,http,SF,215,3670,0,0,0,0,0,1,0,0,0,0,0,0,0,0,0,0,3,3,0,0,0,0,1,0,0,31,255,1,0,0.03,0.05,0,0,0,0,normal.
0,tcp,http,SF,217,18434,0,0,0,0,0,1,0,0,0,0,0,0,0,0,0,0,2,2,0,0,0,0,1,0,0,41,255,1,0,0.02,0.05,0,0,0,0,normal.
0,tcp,http,SF,205,424,0,0,0,0,0,1,0,0,0,0,0,0,0,0,0,0,2,25,0,0,0,0,1,0,0.12,2,255,1,0,0.5,0.05,0,0,0,0,normal.
0,tcp,http,SF,155,424,0,0,0,0,0,1,0,0,0,0,0,0,0,0,0,0,3,13,0,0,0,0,1,0,0.15,12,255,1,0,0.08,0.05,0,0,0,0,normal.
0,tcp,http,SF,202,424,0,0,0,0,0,1,0,0,0,0,0,0,0,0,0,0,3,3,0,0,0,0,1,0,0,22,255,1,0,0.05,0.05,0,0,0,0,normal.
0,tcp,http,SF,235,6627,0,0,0,0,0,1,0,0,0,0,0,0,0,0,0,0,1,1,0,0,0,0,1,0,0,32,255,1,0,0.03,0.05,0,0,0,0,normal.
0,tcp,http,SF,259,3917,0,0,0,0,0,1,0,0,0,0,0,0,0,0,0,0,1,1,0,0,0,0,1,0,0,42,255,1,0,0.02,0.05,0,0,0,0,normal.
0,tcp,http,SF,301,2653,0,0,0,0,0,1,0,0,0,0,0,0,0,0,0,0,2,2,0,0,0,0,1,0,0,52,255,1,0,0.02,0.05,0,0,0,0,normal.
0,tcp,http,SF,322,424,0,0,0,0,0,1,0,0,0,0,0,0,0,0,0,0,2,2,0,0,0,0,1,0,0,62,255,1,0,0.02,0.05,0,0,0,0,normal.
0,tcp,http,SF,370,520,0,0,0,0,0,1,0,0,0,0,0,0,0,0,0,0,3,3,0,0,0,0,1,0,0,72,255,1,0,0.01,0.04,0,0,0,0,normal.
0,tcp,http,SF,370,520,0,0,0,0,0,1,0,0,0,0,0,0,0,0,0,0,3,3,0,0,0,0,1,0,0,82,255,1,0,0.01,0.04,0,0,0,0,normal.
0,tcp,http,SF,172,5884,0,0,0,0,0,1,0,0,0,0,0,0,0,0,0,0,6,6,0,0,0,0,1,0,0,10,255,1,0,0.1,0.05,0,0,0,0,normal.
0,tcp,http,SF,264,16123,0,0,0,0,0,1,0,0,0,0,0,0,0,0,0,0,2,13,0,0,0,0,1,0,0.23,20,255,1,0,0.05,0.05,0,0,0,0,normal.
0,tcp,http,SF,255,1948,0,0,0,0,0,1,0,0,0,0,0,0,0,0,0,0,4,14,0,0,0,0,1,0,0.14,30,255,1,0,0.03,0.05,0,0,0,0,normal.
0,tcp,http,SF,274,19790,0,0,0,0,0,1,0,0,0,0,0,0,0,0,0,0,6,6,0,0,0,0,1,0,0,40,255,1,0,0.03,0.05,0,0,0,0,normal.
0,tcp,http,SF,313,293,0,0,0,0,0,1,0,0,0,0,0,0,0,0,0,0,3,3,0,0,0,0,1,0,0,3,255,1,0,0.33,0.05,0,0,0,0,normal.
0,tcp,http,SF,145,4466,0,0,0,0,0,1,0,0,0,0,0,0,0,0,0,0,4,4,0,0,0,0,1,0,0,13,255,1,0,0.08,0.05,0,0,0,0,normal.
0,tcp,http,SF,290,460,0,0,0,0,0,1,0,0,0,0,0,0,0,0,0,0,1,1,0,0,0,0,1,0,0,23,255,1,0,0.04,0.05,0,0,0,0,normal.
0,tcp,http,SF,309,17798,0,0,0,0,0,1,0,0,0,0,0,0,0,0,0,0,2,2,0,0,0,0,1,0,0,2,255,1,0,0.5,0.06,0,0,0,0,normal.
0,tcp,http,SF,317,2075,0,0,0,0,0,1,0,0,0,0,0,0,0,0,0,0,4,4,0,0,0,0,1,0,0,8,255,1,0,0.12,0.06,0,0,0,0,normal.
0,tcp,http,SF,300,42747,0,0,0,0,0,1,0,0,0,0,0,0,0,0,0,0,4,5,0,0,0,0,1,0,0.4,18,255,1,0,0.06,0.06,0,0,0,0,normal.
0,tcp,http,SF,307,1377,0,0,0,0,0,1,0,0,0,0,0,0,0,0,0,0,8,8,0,0,0,0,1,0,0,8,255,1,0,0.12,0.06,0,0,0,0,normal.
0,tcp,http,SF,309,1030,0,0,0,0,0,1,0,0,0,0,0,0,0,0,0,0,18,18,0,0,0,0,1,0,0,18,255,1,0,0.06,0.05,0,0,0,0,normal.
0,tcp,http,SF,306,1030,0,0,0,0,0,1,0,0,0,0,0,0,0,0,0,0,28,28,0,0,0,0,1,0,0,28,255,1,0,0.04,0.04,0,0,0,0,normal.
0,tcp,http,SF,237,1691,0,0,0,0,0,1,0,0,0,0,0,0,0,0,0,0,10,10,0,0,0,0,1,0,0,10,255,1,0,0.1,0.05,0,0,0,0,normal.
0,tcp,http,SF,237,2964,0,0,0,0,0,1,0,0,0,0,0,0,0,0,0,0,7,7,0,0,0,0,1,0,0,20,255,1,0,0.05,0.05,0,0,0,0,normal.
0,tcp,http,SF,239,1691,0,0,0,0,0,1,0,0,0,0,0,0,0,0,0,0,4,4,0,0,0,0,1,0,0,30,255,1,0,0.03,0.05,0,0,0,0,normal.
0,tcp,http,SF,160,170,0,0,0,0,0,1,0,0,0,0,0,0,0,0,0,0,1,1,0,0,0,0,1,0,0,1,255,1,0,1,0.05,0,0,0,0,normal.
0,tcp,http,SF,231,2281,0,0,0,0,0,1,0,0,0,0,0,0,0,0,0,0,9,10,0,0,0,0,1,0,0.2,11,255,1,0,0.09,0.04,0,0,0,0,normal.
0,tcp,http,SF,227,1247,0,0,0,0,0,1,0,0,0,0,0,0,0,0,0,0,19,20,0,0,0,0,1,0,0.1,21,255,1,0,0.05,0.04,0,0,0,0,normal.
0,tcp,http,SF,232,8766,0,0,0,0,0,1,0,0,0,0,0,0,0,0,0,0,10,10,0,0,0,0,1,0,0,31,255,1,0,0.03,0.04,0,0,0,0,normal.
0,tcp,http,SF,233,3609,0,0,0,0,0,1,0,0,0,0,0,0,0,0,0,0,6,6,0,0,0,0,1,0,0,41,255,1,0,0.02,0.04,0,0,0,0,normal.
0,tcp,http,SF,236,468,0,0,0,0,0,1,0,0,0,0,0,0,0,0,0,0,16,17,0,0,0,0,1,0,0.12,51,255,1,0,0.02,0.04,0,0,0,0,normal.
0,tcp,http,SF,322,8766,0,0,0,0,0,1,0,0,0,0,0,0,0,0,0,0,7,7,0,0,0,0,1,0,0,61,255,1,0,0.02,0.04,0,0,0,0,normal.
0,tcp,http,SF,327,2112,0,0,0,0,0,1,0,0,0,0,0,0,0,0,0,0,17,17,0,0,0,0,1,0,0,71,255,1,0,0.01,0.04,0,0,0,0,normal.
0,tcp,http,SF,225,2063,0,0,0,0,0,1,0,0,0,0,0,0,0,0,0,0,8,8,0,0,0,0,1,0,0,81,255,1,0,0.01,0.04,0,0,0,0,normal.
0,tcp,http,SF,224,1658,0,0,0,0,0,1,0,0,0,0,0,0,0,0,0,0,18,18,0,0,0,0,1,0,0,91,255,1,0,0.01,0.04,0,0,0,0,normal.
0,tcp,http,SF,224,3609,0,0,0,0,0,1,0,0,0,0,0,0,0,0,0,0,9,10,0,0,0,0,1,0,0.2,101,255,1,0,0.02,0.04,0,0,0,0,normal.
0,tcp,http,SF,230,2118,0,0,0,0,0,1,0,0,0,0,0,0,0,0,0,0,19,20,0,0,0,0,1,0,0.1,111,255,1,0,0.02,0.04,0,0,0,0,normal.
0,tcp,http,SF,239,304,0,0,0,0,0,1,0,0,0,0,0,0,0,0,0,0,10,20,0,0,0,0,1,0,0.2,121,255,1,0,0.01,0.04,0,0,0,0,normal.
0,tcp,http,SF,240,2164,0,0,0,0,0,1,0,0,0,0,0,0,0,0,0,0,6,34,0,0,0,0,1,0,0.06,131,255,1,0,0.01,0.03,0,0,0,0,normal.
0,tcp,http,SF,237,2112,0,0,0,0,0,1,0,0,0,0,0,0,0,0,0,0,16,33,0,0,0,0,1,0,0.06,141,255,1,0,0.01,0.03,0,0,0,0,normal.
0,tcp,http,SF,229,304,0,0,0,0,0,1,0,0,0,0,0,0,0,0,0,0,7,7,0,0,0,0,1,0,0,151,255,1,0,0.01,0.03,0,0,0,0,normal.
0,tcp,http,SF,164,4460,0,0,0,0,0,1,0,0,0,0,0,0,0,0,0,0,17,18,0,0,0,0,1,0,0.11,161,255,1,0,0.01,0.02,0,0,0,0,normal.
0,tcp,http,SF,242,2118,0,0,0,0,0,1,0,0,0,0,0,0,0,0,0,0,27,28,0,0,0,0,1,0,0.07,171,255,1,0,0.01,0.02,0,0,0,0,normal.
0,tcp,http,SF,238,296,0,0,0,0,0,1,0,0,0,0,0,0,0,0,0,0,4,10,0,0,0,0,1,0,0.2,181,255,1,0,0.01,0.02,0,0,0,0,normal.
0,tcp,http,SF,238,2112,0,0,0,0,0,1,0,0,0,0,0,0,0,0,0,0,14,20,0,0,0,0,1,0,0.1,191,255,1,0,0.01,0.01,0,0,0,0,normal.
0,tcp,http,SF,208,2000,0,0,0,0,0,1,0,0,0,0,0,0,0,0,0,0,5,19,0,0,0,0,1,0,0.16,201,255,1,0,0,0.01,0,0,0,0,normal.
0,tcp,http,SF,213,2164,0,0,0,0,0,1,0,0,0,0,0,0,0,0,0,0,15,34,0,0,0,0,1,0,0.12,211,255,1,0,0,0.01,0,0,0,0,normal.
0,tcp,http,SF,297,2000,0,0,0,0,0,1,0,0,0,0,0,0,0,0,0,0,6,6,0,0,0,0,1,0,0,221,255,1,0,0,0.01,0,0,0,0,normal.
0,tcp,http,SF,302,2164,0,0,0,0,0,1,0,0,0,0,0,0,0,0,0,0,16,16,0,0,0,0,1,0,0,231,255,1,0,0,0.01,0,0,0,0,normal.
0,tcp,http,SF,310,2195,0,0,0,0,0,1,0,0,0,0,0,0,0,0,0,0,7,7,0,0,0,0,1,0,0,241,255,1,0,0,0.01,0,0,0,0,normal.
0,tcp,http,SF,314,2298,0,0,0,0,0,1,0,0,0,0,0,0,0,0,0,0,3,9,0,0,0,0,1,0,0.22,251,255,1,0,0,0.01,0,0,0,0,normal.
0,tcp,http,SF,309,296,0,0,0,0,0,1,0,0,0,0,0,0,0,0,0,0,13,19,0,0,0,0,1,0,0.11,255,255,1,0,0,0,0,0,0,0,normal.
0,tcp,http,SF,307,468,0,0,0,0,0,1,0,0,0,0,0,0,0,0,0,0,9,14,0,0,0,0,1,0,0.14,255,255,1,0,0,0,0,0,0,0,normal.
0,tcp,http,SF,310,304,0,0,0,0,0,1,0,0,0,0,0,0,0,0,0,0,5,5,0,0,0,0,1,0,0,255,255,1,0,0,0,0,0,0,0,normal.
0,tcp,http,SF,187,4460,0,0,0,0,0,1,0,0,0,0,0,0,0,0,0,0,1,1,0,0,0,0,1,0,0,255,255,1,0,0,0,0,0,0,0,normal.
0,tcp,http,SF,201,3421,0,0,0,0,0,1,0,0,0,0,0,0,0,0,0,0,11,11,0,0,0,0,1,0,0,255,255,1,0,0,0,0,0,0,0,normal.
0,tcp,http,SF,155,2026,0,0,0,0,0,1,0,0,0,0,0,0,0,0,0,0,2,2,0,0,0,0,1,0,0,255,255,1,0,0,0,0,0,0,0,normal.
0,tcp,http,SF,222,1981,0,0,0,0,0,1,0,0,0,0,0,0,0,0,0,0,12,12,0,0,0,0,1,0,0,255,255,1,0,0,0,0,0,0,0,normal.
0,tcp,http,SF,219,2000,0,0,0,0,0,1,0,0,0,0,0,0,0,0,0,0,8,8,0,0,0,0,1,0,0,255,255,1,0,0,0,0,0,0,0,normal.
0,tcp,http,SF,220,304,0,0,0,0,0,1,0,0,0,0,0,0,0,0,0,0,4,7,0,0,0,0,1,0,0.29,255,255,1,0,0,0,0,0,0,0,normal.
0,tcp,http,SF,230,2395,0,0,0,0,0,1,0,0,0,0,0,0,0,0,0,0,14,18,0,0,0,0,1,0,0.11,255,255,1,0,0,0,0,0,0,0,normal.
0,tcp,http,SF,221,2112,0,0,0,0,0,1,0,0,0,0,0,0,0,0,0,0,10,10,0,0,0,0,1,0,0,255,255,1,0,0,0,0,0,0,0,normal.
0,tcp,http,SF,329,1735,0,0,0,0,0,1,0,0,0,0,0,0,0,0,0,0,2,11,0,0,0,0,1,0,0.18,2,255,1,0,0.5,0.01,0,0,0,0,normal.
0,tcp,http,SF,337,330,0,0,0,0,0,1,0,0,0,0,0,0,0,0,0,0,12,12,0,0,0,0,1,0,0,12,255,1,0,0.08,0.01,0,0,0,0,normal.
0,tcp,http,SF,293,38125,0,0,0,0,0,1,0,0,0,0,0,0,0,0,0,0,22,22,0,0,0,0,1,0,0,22,255,1,0,0.05,0.01,0,0,0,0,normal.
0,tcp,http,SF,171,280,0,0,0,0,0,1,0,0,0,0,0,0,0,0,0,0,1,26,0,0,0,0,1,0,0.08,6,255,1,0,0.17,0.02,0,0,0,0,normal.
0,tcp,http,SF,178,1973,0,0,0,0,0,1,0,0,0,0,0,0,0,0,0,0,2,2,0,0,0,0,1,0,0,16,255,1,0,0.06,0.02,0,0,0,0,normal.
0,tcp,http,SF,331,8415,0,0,0,0,0,1,0,0,0,0,0,0,0,0,0,0,2,2,0,0,0,0,1,0,0,26,255,1,0,0.04,0.02,0,0,0,0,normal.
0,tcp,http,SF,314,308,0,0,0,0,0,1,0,0,0,0,0,0,0,0,0,0,4,23,0,0,0,0,1,0,0.09,4,255,1,0,0.25,0.03,0,0,0,0,normal.
0,tcp,http,SF,330,13179,0,0,0,0,0,1,0,0,0,0,0,0,0,0,0,0,1,1,0,0,0,0,1,0,0,14,255,1,0,0.07,0.03,0,0,0,0,normal.
0,tcp,http,SF,341,1473,0,0,0,0,0,1,0,0,0,0,0,0,0,0,0,0,7,7,0,0,0,0,1,0,0,24,255,1,0,0.04,0.03,0,0,0,0,normal.
0,tcp,http,SF,302,3966,0,0,0,0,0,1,0,0,0,0,0,0,0,0,0,0,4,4,0,0,0,0,1,0,0,34,255,1,0,0.03,0.03,0,0,0,0,normal.
0,tcp,http,SF,172,524,0,0,0,0,0,1,0,0,0,0,0,0,0,0,0,0,2,34,0,0,0,0,1,0,0.06,10,255,1,0,0.1,0.03,0,0,0,0,normal.
0,tcp,http,SF,218,13340,0,0,0,0,0,1,0,0,0,0,0,0,0,0,0,0,2,2,0,0,0,0,1,0,0,2,255,1,0,0.5,0.04,0,0,0,0,normal.
0,tcp,http,SF,223,384,0,0,0,0,0,1,0,0,0,0,0,0,0,0,0,0,5,5,0,0,0,0,1,0,0,5,255,1,0,0.2,0.04,0,0,0,0,normal.
0,tcp,http,SF,232,1302,0,0,0,0,0,1,0,0,0,0,0,0,0,0,0,0,4,4,0,0,0,0,1,0,0,4,255,1,0,0.25,0.05,0,0,0,0,normal.
0,tcp,http,SF,220,8970,0,0,0,0,0,1,0,0,0,0,0,0,0,0,0,0,14,14,0,0,0,0,1,0,0,14,255,1,0,0.07,0.05,0,0,0,0,normal.
0,tcp,http,SF,228,2917,0,0,0,0,0,1,0,0,0,0,0,0,0,0,0,0,10,29,0,0,0,0,1,0,0.07,24,255,1,0,0.04,0.05,0,0,0,0,normal.
0,tcp,http,SF,232,1302,0,0,0,0,0,1,0,0,0,0,0,0,0,0,0,0,4,4,0,0,0,0,1,0,0,34,255,1,0,0.03,0.05,0,0,0,0,normal.
0,tcp,http,SF,229,4966,0,0,0,0,0,1,0,0,0,0,0,0,0,0,0,0,14,14,0,0,0,0,1,0,0,44,255,1,0,0.02,0.05,0,0,0,0,normal.
0,tcp,http,SF,204,8970,0,0,0,0,0,1,0,0,0,0,0,0,0,0,0,0,10,10,0,0,0,0,1,0,0,54,255,1,0,0.02,0.05,0,0,0,0,normal.
0,tcp,http,SF,212,4433,0,0,0,0,0,1,0,0,0,0,0,0,0,0,0,0,6,6,0,0,0,0,1,0,0,64,255,1,0,0.02,0.05,0,0,0,0,normal.
0,tcp,http,SF,224,1302,0,0,0,0,0,1,0,0,0,0,0,0,0,0,0,0,2,2,0,0,0,0,1,0,0,74,255,1,0,0.01,0.05,0,0,0,0,normal.
0,tcp,http,SF,215,1869,0,0,0,0,0,1,0,0,0,0,0,0,0,0,0,0,10,14,0,0,0,0,1,0,0.14,84,255,1,0,0.01,0.05,0,0,0,0,normal.
0,tcp,http,SF,267,14496,0,0,0,0,0,1,0,0,0,0,0,0,0,0,0,0,3,8,0,0,0,0,1,0,0.25,3,255,1,0,0.33,0.06,0,0,0,0,normal.
0,tcp,http,SF,284,43129,0,0,0,0,0,1,0,0,0,0,0,0,0,0,0,0,3,3,0,0,0,0,1,0,0,13,255,1,0,0.08,0.06,0,0,0,0,normal.
0,tcp,http,SF,307,3727,0,0,0,0,0,1,0,0,0,0,0,0,0,0,0,0,6,6,0,0,0,0,1,0,0,23,255,1,0,0.04,0.06,0,0,0,0,normal.
0,tcp,http,SF,212,43129,0,0,0,0,0,1,0,0,0,0,0,0,0,0,0,0,2,2,0,0,0,0,1,0,0,33,255,1,0,0.03,0.05,0,0,0,0,normal.
0,tcp,http,SF,267,9317,0,0,0,0,0,1,0,0,0,0,0,0,0,0,0,0,2,2,0,0,0,0,1,0,0,43,255,1,0,0.02,0.05,0,0,0,0,normal.
0,tcp,http,SF,156,4027,0,0,0,0,0,1,0,0,0,0,0,0,0,0,0,0,3,17,0,0,0,0,1,0,0.12,53,255,1,0,0.02,0.05,0,0,0,0,normal.
0,tcp,http,SF,218,437,0,0,0,0,0,1,0,0,0,0,0,0,0,0,0,0,6,6,0,0,0,0,1,0,0,63,255,1,0,0.02,0.04,0,0,0,0,normal.
0,tcp,http,SF,298,9442,0,0,0,0,0,1,0,0,0,0,0,0,0,0,0,0,4,4,0,0,0,0,1,0,0,73,255,1,0,0.01,0.04,0,0,0,0,normal.
0,tcp,http,SF,257,4027,0,0,0,0,0,1,0,0,0,0,0,0,0,0,0,0,7,7,0,0,0,0,1,0,0,83,255,1,0,0.01,0.04,0,0,0,0,normal.
0,tcp,http,SF,141,4027,0,0,0,0,0,1,0,0,0,0,0,0,0,0,0,0,1,1,0,0,0,0,1,0,0,93,255,1,0,0.01,0.04,0,0,0,0,normal.
0,tcp,http,SF,213,261,0,0,0,0,0,1,0,0,0,0,0,0,0,0,0,0,1,1,0,0,0,0,1,0,0,103,255,1,0,0.01,0.04,0,0,0,0,normal.
0,tcp,http,SF,284,43129,0,0,0,0,0,1,0,0,0,0,0,0,0,0,0,0,4,4,0,0,0,0,1,0,0,113,255,1,0,0.01,0.04,0,0,0,0,normal.
0,tcp,http,SF,183,8654,0,0,0,0,0,1,0,0,0,0,0,0,0,0,0,0,4,4,0.25,0.25,0,0,1,0,0,123,255,1,0,0.01,0.04,0.01,0,0,0,normal.
0,tcp,http,SF,191,3727,0,0,0,0,0,1,0,0,0,0,0,0,0,0,0,0,1,1,0,0,0,0,1,0,0,133,255,1,0,0.01,0.03,0.01,0,0,0,normal.
0,tcp,http,SF,183,8654,0,0,0,0,0,1,0,0,0,0,0,0,0,0,0,0,4,4,0,0,0,0,1,0,0,143,255,1,0,0.01,0.03,0.01,0,0,0,normal.
0,tcp,http,SF,207,6192,0,0,0,0,0,1,0,0,0,0,0,0,0,0,0,0,7,7,0,0,0,0,1,0,0,7,255,1,0,0.14,0.02,0,0,0,0,normal.
0,tcp,http,SF,234,18000,0,0,0,0,0,1,0,0,0,0,0,0,0,0,0,0,3,3,0,0,0,0,1,0,0,17,255,1,0,0.06,0.02,0,0,0,0,normal.
0,tcp,http,SF,297,5246,0,0,0,0,0,1,0,0,0,0,0,0,0,0,0,0,2,2,0,0,0,0,1,0,0,27,255,1,0,0.04,0.02,0,0,0,0,normal.
0,tcp,http,SF,230,3512,0,0,0,0,0,1,0,0,0,0,0,0,0,0,0,0,3,3,0,0,0,0,1,0,0,3,255,1,0,0.33,0.02,0,0,0,0,normal.
0,tcp,http,SF,288,1105,0,0,0,0,0,1,0,0,0,0,0,0,0,0,0,0,1,1,0,0,0,0,1,0,0,13,255,1,0,0.08,0.02,0,0,0,0,normal.
0,tcp,http,SF,317,6333,0,0,0,0,0,1,0,0,0,0,0,0,0,0,0,0,8,8,0,0,0,0,1,0,0,23,255,1,0,0.04,0.02,0,0,0,0,normal.
0,tcp,http,SF,342,11368,0,0,0,0,0,1,0,0,0,0,0,0,0,0,0,0,3,3,0,0,0,0,1,0,0,3,255,1,0,0.33,0.02,0,0,0,0,normal.
0,tcp,http,SF,342,5401,0,0,0,0,0,1,0,0,0,0,0,0,0,0,0,0,13,13,0,0,0,0,1,0,0,13,255,1,0,0.08,0.02,0,0,0,0,normal.
0,tcp,http,SF,339,10250,0,0,0,0,0,1,0,0,0,0,0,0,0,0,0,0,23,23,0,0,0,0,1,0,0,23,255,1,0,0.04,0.02,0,0,0,0,normal.
0,tcp,http,SF,284,2810,0,0,0,0,0,1,0,0,0,0,0,0,0,0,0,0,1,1,0,0,0,0,1,0,0,1,255,1,0,1,0.04,0,0,0,0,normal.
0,tcp,http,SF,208,471,0,0,0,0,0,1,0,0,0,0,0,0,0,0,0,0,8,8,0,0,0,0,1,0,0,8,255,1,0,0.12,0.04,0,0,0,0,normal.
0,tcp,http,SF,198,471,0,0,0,0,0,1,0,0,0,0,0,0,0,0,0,0,3,6,0,0,0,0,1,0,0.33,18,255,1,0,0.06,0.03,0,0,0,0,normal.
0,tcp,http,SF,208,15642,0,0,0,0,0,1,0,0,0,0,0,0,0,0,0,0,5,5,0,0,0,0,1,0,0,5,255,1,0,0.2,0.04,0,0,0,0,normal.
0,tcp,http,SF,226,74301,0,0,0,0,0,1,0,0,0,0,0,0,0,0,0,0,4,4,0,0,0,0,1,0,0,15,255,1,0,0.07,0.04,0,0,0,0,normal.
0,tcp,http,SF,284,2081,0,0,0,0,0,1,0,0,0,0,0,0,0,0,0,0,5,5,0,0,0,0,1,0,0,25,255,1,0,0.04,0.04,0,0,0,0,normal.
0,tcp,http,SF,212,6107,0,0,0,0,0,1,0,0,0,0,0,0,0,0,0,0,7,7,0,0,0,0,1,0,0,35,255,1,0,0.03,0.04,0,0,0,0,normal.
0,tcp,http,SF,198,2081,0,0,0,0,0,1,0,0,0,0,0,0,0,0,0,0,7,7,0,0,0,0,1,0,0,45,255,1,0,0.02,0.04,0,0,0,0,normal.
0,tcp,http,SF,319,5036,0,0,0,0,0,1,0,0,0,0,0,0,0,0,0,0,1,1,0,0,0,0,1,0,0,1,255,1,0,1,0.04,0,0.01,0,0,normal.
0,tcp,http,SF,285,25519,0,0,0,0,0,1,0,0,0,0,0,0,0,0,0,0,4,4,0,0,0,0,1,0,0,4,255,1,0,0.25,0.04,0,0.01,0,0,normal.
0,tcp,http,SF,324,1875,0,0,0,0,0,1,0,0,0,0,0,0,0,0,0,0,2,2,0,0,0,0,1,0,0,14,255,1,0,0.07,0.04,0,0.01,0,0,normal.
0,tcp,http,SF,322,1721,0,0,0,0,0,1,0,0,0,0,0,0,0,0,0,0,12,12,0,0,0,0,1,0,0,24,255,1,0,0.04,0.04,0,0.01,0,0,normal.
0,tcp,http,SF,162,3253,0,0,0,0,0,1,0,0,0,0,0,0,0,0,0,0,1,1,0,0,0,0,1,0,0,34,255,1,0,0.03,0.04,0,0.01,0,0,normal.
0,tcp,http,SF,233,1645,0,0,0,0,0,1,0,0,0,0,0,0,0,0,0,0,7,7,0,0,0,0,1,0,0,44,255,1,0,0.02,0.04,0,0.01,0,0,normal.
0,tcp,http,SF,228,3798,0,0,0,0,0,1,0,0,0,0,0,0,0,0,0,0,2,2,0,0,0,0,1,0,0,54,255,1,0,0.02,0.04,0,0,0,0,normal.
0,tcp,http,SF,233,1694,0,0,0,0,0,1,0,0,0,0,0,0,0,0,0,0,12,12,0,0,0,0,1,0,0,64,255,1,0,0.02,0.04,0,0,0,0,normal.
0,tcp,http,SF,306,1721,0,0,0,0,0,1,0,0,0,0,0,0,0,0,0,0,5,5,0,0,0,0,1,0,0,74,255,1,0,0.01,0.04,0,0,0,0,normal.
0,tcp,http,SF,285,25519,0,0,0,0,0,1,0,0,0,0,0,0,0,0,0,0,2,2,0,0,0,0,1,0,0,84,255,1,0,0.01,0.04,0,0,0,0,normal.
0,tcp,http,SF,309,909,0,0,0,0,0,1,0,0,0,0,0,0,0,0,0,0,8,8,0,0,0,0,1,0,0,94,255,1,0,0.01,0.04,0,0,0,0,normal.
0,tcp,http,SF,297,1645,0,0,0,0,0,1,0,0,0,0,0,0,0,0,0,0,3,3,0,0,0,0,1,0,0,104,255,1,0,0.01,0.04,0,0,0,0,normal.
0,tcp,http,SF,295,1680,0,0,0,0,0,1,0,0,0,0,0,0,0,0,0,0,13,13,0,0,0,0,1,0,0,114,255,1,0,0.01,0.04,0,0,0,0,normal.
0,tcp,http,SF,253,1680,0,0,0,0,0,1,0,0,0,0,0,0,0,0,0,0,2,5,0,0,0,0,1,0,0.4,124,255,1,0,0.01,0.04,0,0,0,0,normal.
0,tcp,http,SF,257,1695,0,0,0,0,0,1,0,0,0,0,0,0,0,0,0,0,12,15,0,0,0,0,1,0,0.13,134,255,1,0,0.01,0.04,0,0,0,0,normal.
0,tcp,http,SF,229,1484,0,0,0,0,0,1,0,0,0,0,0,0,0,0,0,0,1,1,0,0,0,0,1,0,0,144,255,1,0,0.01,0.03,0,0,0,0,normal.
0,tcp,http,SF,234,1713,0,0,0,0,0,1,0,0,0,0,0,0,0,0,0,0,11,11,0,0,0,0,1,0,0,154,255,1,0,0.01,0.03,0,0,0,0,normal.
0,tcp,http,SF,219,1651,0,0,0,0,0,1,0,0,0,0,0,0,0,0,0,0,4,6,0,0,0,0,1,0,0.33,164,255,1,0,0.01,0.03,0,0,0,0,normal.
0,tcp,http,SF,212,24572,0,0,0,0,0,1,0,0,0,0,0,0,0,0,0,0,1,1,0,0,0,0,1,0,0,174,255,1,0,0.01,0.02,0,0,0,0,normal.
0,tcp,http,SF,236,1680,0,0,0,0,0,1,0,0,0,0,0,0,0,0,0,0,3,3,0,0,0,0,1,0,0,184,255,1,0,0.01,0.02,0,0,0,0,normal.
0,tcp,http,SF,234,1651,0,0,0,0,0,1,0,0,0,0,0,0,0,0,0,0,13,13,0,0,0,0,1,0,0,194,255,1,0,0.01,0.01,0,0,0,0,normal.
0,tcp,http,SF,223,1719,0,0,0,0,0,1,0,0,0,0,0,0,0,0,0,0,10,10,0,0,0,0,1,0,0,204,255,1,0,0,0.01,0,0,0,0,normal.
0,tcp,http,SF,232,1721,0,0,0,0,0,1,0,0,0,0,0,0,0,0,0,0,7,7,0,0,0,0,1,0,0,214,255,1,0,0,0.01,0,0,0,0,normal.
0,tcp,http,SF,247,1680,0,0,0,0,0,1,0,0,0,0,0,0,0,0,0,0,2,2,0,0,0,0,1,0,0,224,255,1,0,0,0.01,0,0,0,0,normal.
0,tcp,http,SF,246,1694,0,0,0,0,0,1,0,0,0,0,0,0,0,0,0,0,12,12,0,0,0,0,1,0,0,234,255,1,0,0,0.01,0,0,0,0,normal.
0,tcp,http,SF,259,1108,0,0,0,0,0,1,0,0,0,0,0,0,0,0,0,0,9,9,0,0,0,0,1,0,0,244,255,1,0,0,0.01,0,0,0,0,normal.
0,tcp,http,SF,163,3253,0,0,0,0,0,1,0,0,0,0,0,0,0,0,0,0,1,1,0,0,0,0,1,0,0,254,255,1,0,0,0.01,0,0,0,0,normal.
0,tcp,http,SF,231,1718,0,0,0,0,0,1,0,0,0,0,0,0,0,0,0,0,7,7,0,0,0,0,1,0,0,255,255,1,0,0,0,0,0,0,0,normal.
0,tcp,http,SF,212,24572,0,0,0,0,0,1,0,0,0,0,0,0,0,0,0,0,2,2,0,0,0,0,1,0,0,255,255,1,0,0,0,0,0,0,0,normal.
0,tcp,http,SF,247,1719,0,0,0,0,0,1,0,0,0,0,0,0,0,0,0,0,8,8,0,0,0,0,1,0,0,255,255,1,0,0,0,0,0,0,0,normal.
0,tcp,http,SF,334,1718,0,0,0,0,0,1,0,0,0,0,0,0,0,0,0,0,1,1,0,0,0,0,1,0,0,255,255,1,0,0,0,0,0,0,0,normal.
0,tcp,http,SF,335,1680,0,0,0,0,0,1,0,0,0,0,0,0,0,0,0,0,11,11,0,0,0,0,1,0,0,255,255,1,0,0,0,0,0,0,0,normal.
0,tcp,http,SF,277,4183,0,0,0,0,0,1,0,0,0,0,0,0,0,0,0,0,4,4,0,0,0,0,1,0,0,255,255,1,0,0,0,0,0,0,0,normal.
0,tcp,http,SF,331,1694,0,0,0,0,0,1,0,0,0,0,0,0,0,0,0,0,14,14,0,0,0,0,1,0,0,255,255,1,0,0,0,0,0,0,0,normal.
0,tcp,http,SF,323,1680,0,0,0,0,0,1,0,0,0,0,0,0,0,0,0,0,9,9,0,0,0,0,1,0,0,255,255,1,0,0,0,0,0,0,0,normal.
0,tcp,http,SF,212,25519,0,0,0,0,0,1,0,0,0,0,0,0,0,0,0,0,2,2,0,0,0,0,1,0,0,255,255,1,0,0,0,0,0,0,0,normal.
0,tcp,http,SF,297,1695,0,0,0,0,0,1,0,0,0,0,0,0,0,0,0,0,8,8,0,0,0,0,1,0,0,255,255,1,0,0,0,0,0,0,0,normal.
0,tcp,http,SF,287,4479,0,0,0,0,0,1,0,0,0,0,0,0,0,0,0,0,1,1,0,0,0,0,1,0,0,255,255,1,0,0,0,0,0,0,0,normal.
0,tcp,http,SF,300,1651,0,0,0,0,0,1,0,0,0,0,0,0,0,0,0,0,11,11,0,0,0,0,1,0,0,255,255,1,0,0,0,0,0,0,0,normal.
0,tcp,http,SF,292,1719,0,0,0,0,0,1,0,0,0,0,0,0,0,0,0,0,8,8,0,0,0,0,1,0,0,255,255,1,0,0,0,0,0,0,0,normal.
0,tcp,http,SF,318,1680,0,0,0,0,0,1,0,0,0,0,0,0,0,0,0,0,5,18,0,0,0,0,1,0,0.11,255,255,1,0,0,0,0,0,0,0,normal.
0,tcp,http,SF,211,24572,0,0,0,0,0,1,0,0,0,0,0,0,0,0,0,0,2,2,0,0,0,0,1,0,0,255,255,1,0,0,0,0,0,0,0,normal.
0,tcp,http,SF,233,1719,0,0,0,0,0,1,0,0,0,0,0,0,0,0,0,0,8,8,0,0,0,0,1,0,0,255,255,1,0,0,0,0,0,0,0,normal.
0,tcp,http,SF,222,1651,0,0,0,0,0,1,0,0,0,0,0,0,0,0,0,0,1,1,0,0,0,0,1,0,0,255,255,1,0,0,0,0,0,0,0,normal.
0,tcp,http,SF,218,1484,0,0,0,0,0,1,0,0,0,0,0,0,0,0,0,0,11,11,0,0,0,0,1,0,0,255,255,1,0,0,0,0,0,0,0,normal.
0,tcp,http,SF,235,1718,0,0,0,0,0,1,0,0,0,0,0,0,0,0,0,0,8,27,0,0,0,0,1,0,0.07,255,255,1,0,0,0,0,0,0,0,normal.
0,tcp,http,SF,232,1719,0,0,0,0,0,1,0,0,0,0,0,0,0,0,0,0,5,5,0,0,0,0,1,0,0,255,255,1,0,0,0,0,0,0,0,normal.
0,tcp,http,SF,232,1721,0,0,0,0,0,1,0,0,0,0,0,0,0,0,0,0,15,15,0,0,0,0,1,0,0,255,255,1,0,0,0,0,0,0,0,normal.
0,tcp,http,SF,246,1718,0,0,0,0,0,1,0,0,0,0,0,0,0,0,0,0,10,12,0,0,0,0,1,0,0.25,255,255,1,0,0,0,0,0,0,0,normal.
0,tcp,http,SF,218,1484,0,0,0,0,0,1,0,0,0,0,0,0,0,0,0,0,7,7,0,0,0,0,1,0,0,255,255,1,0,0,0,0,0,0,0,normal.
0,tcp,http,SF,222,1651,0,0,0,0,0,1,0,0,0,0,0,0,0,0,0,0,4,4,0,0,0,0,1,0,0,255,255,1,0,0,0,0,0,0,0,normal.
0,tcp,http,SF,215,1108,0,0,0,0,0,1,0,0,0,0,0,0,0,0,0,0,1,1,0,0,0,0,1,0,0,255,255,1,0,0,0,0,0,0,0,normal.
0,tcp,http,SF,216,1645,0,0,0,0,0,1,0,0,0,0,0,0,0,0,0,0,3,8,0,0,0,0,1,0,0.5,255,255,1,0,0,0,0,0,0,0,normal.
0,tcp,http,SF,213,1694,0,0,0,0,0,1,0,0,0,0,0,0,0,0,0,0,13,18,0,0,0,0,1,0,0.22,255,255,1,0,0,0,0,0,0,0,normal.
0,tcp,http,SF,243,1719,0,0,0,0,0,1,0,0,0,0,0,0,0,0,0,0,6,24,0,0,0,0,1,0,0.08,255,255,1,0,0,0,0,0,0,0,normal.
0,tcp,http,SF,147,3253,0,0,0,0,0,1,0,0,0,0,0,0,0,0,0,0,3,3,0,0,0,0,1,0,0,255,255,1,0,0,0,0,0,0,0,normal.
0,tcp,http,SF,182,4023,0,0,0,0,0,1,0,0,0,0,0,0,0,0,0,0,9,9,0,0,0,0,1,0,0,255,255,1,0,0,0,0,0,0,0,normal.
0,tcp,http,SF,195,24572,0,0,0,0,0,1,0,0,0,0,0,0,0,0,0,0,2,2,0,0,0,0,1,0,0,255,255,1,0,0,0,0,0,0,0,normal.
0,tcp,smtp,SF,3366,329,0,0,0,0,0,1,0,0,0,0,0,0,0,0,0,0,1,1,0,0,0,0,1,0,0,8,7,0.88,0.25,0.12,0,0,0,0,0,normal.
0,tcp,smtp,SF,1666,328,0,0,0,0,0,1,0,0,0,0,0,0,0,0,0,0,1,1,0,0,0,0,1,0,0,18,12,0.67,0.17,0.06,0,0,0,0,0,normal.
0,tcp,smtp,SF,751,279,0,0,0,0,0,1,0,0,0,0,0,0,0,0,0,0,1,1,0,0,0,0,1,0,0,28,19,0.68,0.14,0.04,0,0,0,0,0,normal.
0,tcp,finger,SF,9,140,0,0,0,0,0,0,0,0,0,0,0,0,0,0,0,0,1,1,0,0,0,0,1,0,0,38,5,0.13,0.11,0.03,0,0,0,0,0,normal.
0,tcp,smtp,SF,620,329,0,0,0,0,0,1,0,0,0,0,0,0,0,0,0,0,1,2,0,0,0,0,1,0,1,48,26,0.54,0.1,0.02,0,0,0,0,0,normal.
0,tcp,smtp,SF,805,327,0,0,0,0,0,1,0,0,0,0,0,0,0,0,0,0,2,2,0,0,0,0,1,0,0,58,35,0.6,0.09,0.02,0,0,0,0,0,normal.
0,tcp,smtp,SF,842,279,0,0,0,0,0,1,0,0,0,0,0,0,0,0,0,0,2,1,0,0,0,0,0.5,1,0,68,41,0.6,0.07,0.01,0,0,0,0,0,normal.
0,udp,domain_u,SF,33,0,0,0,0,0,0,0,0,0,0,0,0,0,0,0,0,0,1,2,0,0,0,0,1,0,1,78,14,0.18,0.06,0.18,0,0,0,0,0,normal.